,id,city,latitude,longitude
0,0,Mont Saint Michel,48.6359541,-1.511459954959514
1,1,St Malo,48.649518,-2.0260409
2,2,Bayeux,49.2764624,-0.7024738
3,3,Le Havre,49.4938975,0.1079732
4,4,Rouen,49.4404591,1.0939658
5,5,Paris,48.8588897,2.3200410217200766
6,6,Amiens,49.8941708,2.2956951
7,7,Lille,50.6365654,3.0635282
8,8,Strasbourg,48.584614,7.7507127
9,9,Chateau du Haut Koenigsbourg,48.249489800000006,7.34429620253195
10,10,Colmar,48.0777517,7.3579641
11,11,Eguisheim,48.0447968,7.3079618
12,12,Besancon,47.2380222,6.0243622
13,13,Dijon,47.3215806,5.0414701
14,14,Annecy,45.8992348,6.1288847
15,15,Grenoble,45.1875602,5.7357819
16,16,Lyon,45.7578137,4.8320114
17,17,Verdon Gorge,43.7496562,6.3285616
18,18,Bormes les Mimosas,43.1572172,6.329253867921363
19,19,Cassis,43.2140359,5.5396318
20,20,Marseille,43.2961743,5.3699525
21,21,Aix en Provence,43.5298424,5.4474738
22,22,Avignon,43.9492493,4.8059012
23,23,Uzès,44.0121279,4.4196718
24,24,Nímes,43.8374249,4.3600687
25,25,Aigues Mortes,43.5658225,4.1912837
26,26,Saintes Maries de la mer,43.4522771,4.4287172
27,27,Collioure,42.52505,3.0831554
28,28,Carcassonne,43.2130358,2.3491069
29,29,Ariege,42.9455368,1.4065544156065486
30,30,Toulouse,43.6044622,1.4442469
31,31,Montauban,44.0175835,1.3549991
32,32,Biarritz,43.4832523,-1.5592776
33,33,Bayonne,43.4933379,-1.475099
34,34,La Rochelle,46.1591126,-1.1520434
